{
  "losses": [
    0.36949459454835093,
    0.22896034273041244,
    0.2214183595397982,
    0.21780851813787494,
    0.2157678857797994,
    0.21422841378722735,
    0.21298746887956885,
    0.21204336932303794,
    0.21146940399760422,
    0.21052270769417084,
    0.2098097643584763,
    0.20951892269639516,
    0.20891072262439322,
    0.20844197594037644,
    0.2082410841889664,
    0.207823460074029,
    0.20749351582420406,
    0.20729085396249214,
    0.2070335224579266,
    0.20665954151617466,
    0.20634193200163883,
    0.20617830563875986,
    0.20591274036153598,
    0.20577426261973414,
    0.20541010541419913,
    0.20497642456795256,
    0.204895663561255,
    0.20462842270129647,
    0.2045471197588146,
    0.20414913003741297,
    0.2038857799860657,
    0.20383386908322068,
    0.20384032767327318,
    0.20368425841627394,
    0.20344585139129479,
    0.20324272442106225,
    0.2033308408330541,
    0.20297289784356054,
    0.20293969141023327,
    0.20261029907156147,
    0.202652233574746,
    0.2025371464700893,
    0.2021306570753681,
    0.20186786565847264,
    0.20196594413958782,
    0.2017511116595021,
    0.20164731361222743,
    0.2013843852309493,
    0.2014485103042573,
    0.20155667419695414
  ],
  "metrics": {
    "both": {
      "optimistic": {
        "adjusted_arithmetic_mean_rank": 0.06299625332885209,
        "adjusted_arithmetic_mean_rank_index": 0.9370231642365405,
        "adjusted_geometric_mean_rank_index": 0.9813741980298818,
        "adjusted_hits_at_k": 0.039136825879004314,
        "adjusted_inverse_harmonic_mean_rank": 0.018899642377635303,
        "arithmetic_mean_rank": 3039.976816654353,
        "count": 1174852.0,
        "geometric_mean_rank": 662.1824419381328,
        "harmonic_mean_rank": 52.57005831578579,
        "hits_at_1": 0.00603905853673484,
        "hits_at_10": 0.03923643148243353,
        "hits_at_3": 0.013700449077841294,
        "hits_at_5": 0.02141461222349709,
        "inverse_arithmetic_mean_rank": 0.00032894987702588804,
        "inverse_geometric_mean_rank": 0.0015101578306321646,
        "inverse_harmonic_mean_rank": 0.019022234938242764,
        "inverse_median_rank": 0.0011248593925759281,
        "median_absolute_deviation": 1211.2860125190768,
        "median_rank": 889.0,
        "standard_deviation": 8176.210406534319,
        "variance": 66850416.611920096,
        "z_arithmetic_mean_rank": 1758.758879156766,
        "z_geometric_mean_rank": 1053.1842377459475,
        "z_hits_at_k": 4166.233147058249,
        "z_inverse_harmonic_mean_rank": 4962.5616714969665
      },
      "pessimistic": {
        "adjusted_arithmetic_mean_rank": 0.06299631670392992,
        "adjusted_arithmetic_mean_rank_index": 0.9370231008601493,
        "adjusted_geometric_mean_rank_index": 0.9813741653116201,
        "adjusted_hits_at_k": 0.039136825879004314,
        "adjusted_inverse_harmonic_mean_rank": 0.018899631558716545,
        "arithmetic_mean_rank": 3039.9798749119036,
        "count": 1174852.0,
        "geometric_mean_rank": 662.1836033775232,
        "harmonic_mean_rank": 52.57008821134998,
        "hits_at_1": 0.00603905853673484,
        "hits_at_10": 0.03923643148243353,
        "hits_at_3": 0.013700449077841294,
        "hits_at_5": 0.02141461222349709,
        "inverse_arithmetic_mean_rank": 0.00032894954609822186,
        "inverse_geometric_mean_rank": 0.001510155181885229,
        "inverse_harmonic_mean_rank": 0.019022224120675873,
        "inverse_median_rank": 0.0011248593925759281,
        "median_absolute_deviation": 1211.2860125190768,
        "median_rank": 889.0,
        "standard_deviation": 8176.21327642406,
        "variance": 66850463.541573055,
        "z_arithmetic_mean_rank": 1758.7587602015524,
        "z_geometric_mean_rank": 1053.1842026335944,
        "z_hits_at_k": 4166.233147058249,
        "z_inverse_harmonic_mean_rank": 4962.5588307262
      },
      "realistic": {
        "adjusted_arithmetic_mean_rank": 0.06299626829903422,
        "adjusted_arithmetic_mean_rank_index": 0.9370231492660481,
        "adjusted_geometric_mean_rank_index": 0.9813741965318042,
        "adjusted_hits_at_k": 0.039136825879004314,
        "adjusted_inverse_harmonic_mean_rank": 0.018899637206836364,
        "arithmetic_mean_rank": 3039.9775390625,
        "count": 1174852.0,
        "geometric_mean_rank": 662.1824951171875,
        "harmonic_mean_rank": 52.570072604081055,
        "hits_at_1": 0.00603905853673484,
        "hits_at_10": 0.03923643148243353,
        "hits_at_3": 0.013700449077841294,
        "hits_at_5": 0.02141461222349709,
        "inverse_arithmetic_mean_rank": 0.0003289497981313616,
        "inverse_geometric_mean_rank": 0.0015101577155292034,
        "inverse_harmonic_mean_rank": 0.019022229768089937,
        "inverse_median_rank": 0.001124859438277781,
        "median_absolute_deviation": 1211.2860125190768,
        "median_rank": 889.0,
        "standard_deviation": 8176.2119140625,
        "variance": 66850440.0,
        "z_arithmetic_mean_rank": 1758.7588510576886,
        "z_geometric_mean_rank": 1053.1842361382514,
        "z_hits_at_k": 4166.233147058249,
        "z_inverse_harmonic_mean_rank": 4962.560313777698
      }
    },
    "head": {
      "optimistic": {
        "adjusted_arithmetic_mean_rank": 0.06462713743648543,
        "adjusted_arithmetic_mean_rank_index": 0.9353921561710277,
        "adjusted_geometric_mean_rank_index": 0.9848245566651097,
        "adjusted_hits_at_k": 0.055627068813616336,
        "adjusted_inverse_harmonic_mean_rank": 0.02459079060881544,
        "arithmetic_mean_rank": 3133.251124396945,
        "count": 587426.0,
        "geometric_mean_rank": 542.3361646212123,
        "harmonic_mean_rank": 40.46599948212792,
        "hits_at_1": 0.0071872882712035215,
        "hits_at_10": 0.05572446571993749,
        "hits_at_3": 0.017809902864360787,
        "hits_at_5": 0.02920197607868906,
        "inverse_arithmetic_mean_rank": 0.00031915730986691,
        "inverse_geometric_mean_rank": 0.00184387482383447,
        "inverse_harmonic_mean_rank": 0.024712104304791895,
        "inverse_median_rank": 0.0012987012987012987,
        "median_absolute_deviation": 1089.7126306016173,
        "median_rank": 770.0,
        "standard_deviation": 9070.322414162782,
        "variance": 82270748.69686374,
        "z_arithmetic_mean_rank": 1241.7175367283432,
        "z_geometric_mean_rank": 755.1322836111632,
        "z_hits_at_k": 4197.972085792478,
        "z_inverse_harmonic_mean_rank": 4577.406082066365
      },
      "pessimistic": {
        "adjusted_arithmetic_mean_rank": 0.06462720228998951,
        "adjusted_arithmetic_mean_rank_index": 0.9353920913161858,
        "adjusted_geometric_mean_rank_index": 0.984824528725138,
        "adjusted_hits_at_k": 0.055627068813616336,
        "adjusted_inverse_harmonic_mean_rank": 0.024590775527448715,
        "arithmetic_mean_rank": 3133.254268622771,
        "count": 587426.0,
        "geometric_mean_rank": 542.3371612917385,
        "harmonic_mean_rank": 40.46602417476602,
        "hits_at_1": 0.0071872882712035215,
        "hits_at_10": 0.05572446571993749,
        "hits_at_3": 0.017809902864360787,
        "hits_at_5": 0.02920197607868906,
        "inverse_arithmetic_mean_rank": 0.0003191569895920232,
        "inverse_geometric_mean_rank": 0.001843871435286124,
        "inverse_harmonic_mean_rank": 0.02471208922530087,
        "inverse_median_rank": 0.0012987012987012987,
        "median_absolute_deviation": 1089.7126306016173,
        "median_rank": 770.0,
        "standard_deviation": 9070.3253129267,
        "variance": 82270801.28231883,
        "z_arithmetic_mean_rank": 1241.717450634619,
        "z_geometric_mean_rank": 755.1322621876777,
        "z_hits_at_k": 4197.972085792478,
        "z_inverse_harmonic_mean_rank": 4577.4032747739575
      },
      "realistic": {
        "adjusted_arithmetic_mean_rank": 0.06462715956571442,