{
  "losses": [
    0.1379409031057228,
    0.04188889578140149,
    0.03423165959235647,
    0.030447716239019165,
    0.02847162686090607,
    0.027271613629256022,
    0.026457767599618532,
    0.025990546088687946,
    0.025514298050988232,
    0.025246725916662074,
    0.02505462543184021,
    0.024856513233980217,
    0.024823424131767274,
    0.024583077637837583,
    0.024547967598486146,
    0.024478671333886707,
    0.024504299573305546,
    0.02438081772878884,
    0.02443509521716002,
    0.024450801174579567,
    0.024436985131957904,
    0.024293447575669484,
    0.024309539658389112,
    0.024149136309220155,
    0.02424327921809872,
    0.024385665837529328,
    0.02423028069880877,
    0.02420004324206829,
    0.02416974933384637,
    0.024133785097172494,
    0.024183255613268163,
    0.024107507764145074,
    0.024129352449470513,
    0.024208762621418422,
    0.02407206301820645,
    0.023954377511188184,
    0.024110603886612833,
    0.024068334455038146,
    0.02401362148971717,
    0.024019433778048823,
    0.024079015899528676,
    0.02402066631563609,
    0.024022803563996074,
    0.024157726232646094,
    0.024133618109812245,
    0.02399978736495128,
    0.024103406125065056,
    0.024030708882079845,
    0.0241237069433867,
    0.02407453633114425
  ],
  "metrics": {
    "both": {
      "optimistic": {
        "adjusted_arithmetic_mean_rank": 0.01934047407201798,
        "adjusted_arithmetic_mean_rank_index": 0.9806798481738004,
        "adjusted_geometric_mean_rank_index": 0.9957826645260541,
        "adjusted_hits_at_k": 0.13178618392834268,
        "adjusted_inverse_harmonic_mean_rank": 0.05689355304627904,
        "arithmetic_mean_rank": 933.3030092300987,
        "count": 1174852.0,
        "geometric_mean_rank": 150.70781777571702,
        "harmonic_mean_rank": 17.540352160261545,
        "hits_at_1": 0.012125782651772308,
        "hits_at_10": 0.13187618525567477,
        "hits_at_3": 0.06367355207294195,
        "hits_at_5": 0.08838730325181385,
        "inverse_arithmetic_mean_rank": 0.0010714633833924108,
        "inverse_geometric_mean_rank": 0.006635355847884397,
        "inverse_harmonic_mean_rank": 0.057011398110098664,
        "inverse_median_rank": 0.005649717514124294,
        "median_absolute_deviation": 250.55977492744674,
        "median_rank": 177.0,
        "standard_deviation": 2572.9060724501524,
        "variance": 6619845.657650868,
        "z_arithmetic_mean_rank": 1840.7009094498546,
        "z_geometric_mean_rank": 1068.6981423311647,
        "z_hits_at_k": 14029.03673139026,
        "z_inverse_harmonic_mean_rank": 14938.788790884493
      },
      "pessimistic": {
        "adjusted_arithmetic_mean_rank": 0.019340484778578585,
        "adjusted_arithmetic_mean_rank_index": 0.9806798374670178,
        "adjusted_geometric_mean_rank_index": 0.9957826615538291,
        "adjusted_hits_at_k": 0.13178618392834268,
        "adjusted_inverse_harmonic_mean_rank": 0.05689354183942493,
        "arithmetic_mean_rank": 933.3035258909207,
        "count": 1174852.0,
        "geometric_mean_rank": 150.70792328435536,
        "harmonic_mean_rank": 17.540355607776434,
        "hits_at_1": 0.012125782651772308,
        "hits_at_10": 0.13187618525567477,
        "hits_at_3": 0.06367355207294195,
        "hits_at_5": 0.08838730325181385,
        "inverse_arithmetic_mean_rank": 0.0010714627902486617,
        "inverse_geometric_mean_rank": 0.006635351202558888,
        "inverse_harmonic_mean_rank": 0.05701138690464489,
        "inverse_median_rank": 0.005649717514124294,
        "median_absolute_deviation": 250.55977492744674,
        "median_rank": 177.0,
        "standard_deviation": 2572.907049999328,
        "variance": 6619850.687936245,
        "z_arithmetic_mean_rank": 1840.7008893536079,
        "z_geometric_mean_rank": 1068.6981391413008,
        "z_hits_at_k": 14029.03673139026,
        "z_inverse_harmonic_mean_rank": 14938.785848251846
      },
      "realistic": {
        "adjusted_arithmetic_mean_rank": 0.019340477229957104,
        "adjusted_arithmetic_mean_rank_index": 0.9806798450157957,
        "adjusted_geometric_mean_rank_index": 0.9957826634711023,
        "adjusted_hits_at_k": 0.13178618392834268,
        "adjusted_inverse_harmonic_mean_rank": 0.05689356467264657,
        "arithmetic_mean_rank": 933.3031616210938,
        "count": 1174852.0,
        "geometric_mean_rank": 150.70785522460938,
        "harmonic_mean_rank": 17.54034858369503,
        "hits_at_1": 0.012125782651772308,
        "hits_at_10": 0.13187618525567477,
        "hits_at_3": 0.06367355207294195,
        "hits_at_5": 0.08838730325181385,
        "inverse_arithmetic_mean_rank": 0.0010714632226154208,
        "inverse_geometric_mean_rank": 0.006635354366153479,
        "inverse_harmonic_mean_rank": 0.05701140973501343,
        "inverse_median_rank": 0.005649717524647713,
        "median_absolute_deviation": 250.55977492744674,
        "median_rank": 177.0,
        "standard_deviation": 2572.906494140625,
        "variance": 6619847.5,
        "z_arithmetic_mean_rank": 1840.7009035223932,
        "z_geometric_mean_rank": 1068.6981411989648,
        "z_hits_at_k": 14029.03673139026,
        "z_inverse_harmonic_mean_rank": 14938.791843670611
      }
    },
    "head": {
      "optimistic": {
        "adjusted_arithmetic_mean_rank": 0.016945708916111007,
        "adjusted_arithmetic_mean_rank_index": 0.9830745681994815,
        "adjusted_geometric_mean_rank_index": 0.9964103053304442,
        "adjusted_hits_at_k": 0.13487075374520038,
        "adjusted_inverse_harmonic_mean_rank": 0.05736106792253231,
        "arithmetic_mean_rank": 821.5614000742221,
        "count": 587426.0,
        "geometric_mean_rank": 129.05105601926758,
        "harmonic_mean_rank": 17.397868363814357,
        "hits_at_1": 0.010626019277321739,
        "hits_at_10": 0.1349599779376466,
        "hits_at_3": 0.06246914504975946,
        "hits_at_5": 0.08825622291148162,
        "inverse_arithmetic_mean_rank": 0.0012171944785985044,
        "inverse_geometric_mean_rank": 0.007748871112303785,
        "inverse_harmonic_mean_rank": 0.05747830591015905,
        "inverse_median_rank": 0.007462686567164179,
        "median_absolute_deviation": 188.29048175021146,
        "median_rank": 134.0,
        "standard_deviation": 2442.682329049057,
        "variance": 5966696.9606485255,
        "z_arithmetic_mean_rank": 1305.0151459916092,
        "z_geometric_mean_rank": 764.0100244926447,
        "z_hits_at_k": 10178.20409177398,
        "z_inverse_harmonic_mean_rank": 10677.36720462723
      },
      "pessimistic": {
        "adjusted_arithmetic_mean_rank": 0.01694571801034899,
        "adjusted_arithmetic_mean_rank_index": 0.9830745591050558,
        "adjusted_geometric_mean_rank_index": 0.9964103026584563,
        "adjusted_hits_at_k": 0.13487075374520038,
        "adjusted_inverse_harmonic_mean_rank": 0.05736105030645442,
        "arithmetic_mean_rank": 821.5618409808214,
        "count": 587426.0,
        "geometric_mean_rank": 129.0511513340223,
        "harmonic_mean_rank": 17.397873695289867,
        "hits_at_1": 0.010626019277321739,
        "hits_at_10": 0.1349599779376466,
        "hits_at_3": 0.06246914504975946,
        "hits_at_5": 0.08825622291148162,
        "inverse_arithmetic_mean_rank": 0.001217193825368216,
        "inverse_geometric_mean_rank": 0.007748865389133229,
        "inverse_harmonic_mean_rank": 0.05747828829627211,
        "inverse_median_rank": 0.007462686567164179,
        "median_absolute_deviation": 188.29048175021146,
        "median_rank": 134.0,
        "standard_deviation": 2442.683332171679,
        "variance": 5966701.861269338,
        "z_arithmetic_mean_rank": 1305.0151339189104,
        "z_geometric_mean_rank": 764.0100224438647,
        "z_hits_at_k": 10178.20409177398,
        "z_inverse_harmonic_mean_rank": 10677.36392551582
      },
      "realistic": {
        "adjusted_arithmetic_mean_rank": 0.016945711460629526,