{
  "losses": [
    0.14387395688085328,
    0.06614537990776519,
    0.04945604249478679,
    0.04100056550214811,
    0.03671733679820913,
    0.034039840311880294,
    0.031874172990011995,
    0.030643051000557867,
    0.02938778486972808,
    0.028363913387041497,
    0.02772635438929012,
    0.026996178165835476,
    0.0264788858060036,
    0.02612243670257581,
    0.02569855815863245,
    0.025366641446506792,
    0.0250962610736207,
    0.024918361420639475,
    0.024569620572679193,
    0.024424827147741125,
    0.024185917663122832,
    0.024039478549240753,
    0.023807004487201525,
    0.023687215916651756,
    0.02353119769982537,
    0.0232211333869385,
    0.02328937547942792,
    0.02325854113518052,
    0.023113951485009276,
    0.023078546128852396,
    0.022828244307297935,
    0.022647950028028274,
    0.022650417584267096,
    0.022417093252809623,
    0.02235304904807264,
    0.022160465871270022,
    0.02217120861972786,
    0.022179154205343846,
    0.021998142222197113,
    0.022059758988050585,
    0.02197677522486113,
    0.021853175643872305,
    0.021747281118720135,
    0.021774935457296318,
    0.021549283376828966,
    0.021598074307474808,
    0.021471888933518278,
    0.021443662654440265,
    0.021533016920476572,
    0.021422495426002632
  ],
  "metrics": {
    "both": {
      "optimistic": {
        "adjusted_arithmetic_mean_rank": 0.018771524954443456,
        "adjusted_arithmetic_mean_rank_index": 0.9812488090817297,
        "adjusted_geometric_mean_rank_index": 0.9966874601505848,
        "adjusted_hits_at_k": 0.16380374815179144,
        "adjusted_inverse_harmonic_mean_rank": 0.07538969647448139,
        "arithmetic_mean_rank": 905.8475331360886,
        "count": 1174852.0,
        "geometric_mean_rank": 118.58920181112693,
        "harmonic_mean_rank": 13.244115607891445,
        "hits_at_1": 0.027579644074317445,
        "hits_at_10": 0.16389043045421892,
        "hits_at_3": 0.07910613421945913,
        "hits_at_5": 0.10972360773952804,
        "inverse_arithmetic_mean_rank": 0.001103938536475284,
        "inverse_geometric_mean_rank": 0.00843247095627363,
        "inverse_harmonic_mean_rank": 0.0755052303684328,
        "inverse_median_rank": 0.007751937984496124,
        "median_absolute_deviation": 183.84267509469464,
        "median_rank": 129.0,
        "standard_deviation": 2401.192056626725,
        "variance": 5765723.29280728,
        "z_arithmetic_mean_rank": 1841.7688286720322,
        "z_geometric_mean_rank": 1069.6691909721708,
        "z_hits_at_k": 17437.40300432706,
        "z_inverse_harmonic_mean_rank": 19795.40198034485
      },
      "pessimistic": {
        "adjusted_arithmetic_mean_rank": 0.018771530334181486,
        "adjusted_arithmetic_mean_rank_index": 0.9812488037018803,
        "adjusted_geometric_mean_rank_index": 0.9966874564376724,
        "adjusted_hits_at_k": 0.16380374815179144,
        "adjusted_inverse_harmonic_mean_rank": 0.0753895238822909,
        "arithmetic_mean_rank": 905.8477927432562,
        "count": 1174852.0,
        "geometric_mean_rank": 118.589333612834,
        "harmonic_mean_rank": 13.244145877986806,
        "hits_at_1": 0.027579644074317445,
        "hits_at_10": 0.16389043045421892,
        "hits_at_3": 0.07910613421945913,
        "hits_at_5": 0.10972360773952804,
        "inverse_arithmetic_mean_rank": 0.0011039382200972358,
        "inverse_geometric_mean_rank": 0.008432461584317208,
        "inverse_harmonic_mean_rank": 0.07550505779780842,
        "inverse_median_rank": 0.007751937984496124,
        "median_absolute_deviation": 183.84267509469464,
        "median_rank": 129.0,
        "standard_deviation": 2401.1923075482296,
        "variance": 5765724.497828791,
        "z_arithmetic_mean_rank": 1841.7688185742477,
        "z_geometric_mean_rank": 1069.669186987383,
        "z_hits_at_k": 17437.40300432706,
        "z_inverse_harmonic_mean_rank": 19795.356662059337
      },
      "realistic": {
        "adjusted_arithmetic_mean_rank": 0.018771526240877277,
        "adjusted_arithmetic_mean_rank_index": 0.9812488077952692,
        "adjusted_geometric_mean_rank_index": 0.996687457541369,
        "adjusted_hits_at_k": 0.16380374815179144,
        "adjusted_inverse_harmonic_mean_rank": 0.07538961482947443,
        "arithmetic_mean_rank": 905.8475952148438,
        "count": 1174852.0,
        "geometric_mean_rank": 118.58929443359375,
        "harmonic_mean_rank": 13.244129927190382,
        "hits_at_1": 0.027579644074317445,
        "hits_at_10": 0.16389043045421892,
        "hits_at_3": 0.07910613421945913,
        "hits_at_5": 0.10972360773952804,
        "inverse_arithmetic_mean_rank": 0.0011039384407922626,
        "inverse_geometric_mean_rank": 0.008432464674115181,
        "inverse_harmonic_mean_rank": 0.07550514873362772,
        "inverse_median_rank": 0.007751937955617905,
        "median_absolute_deviation": 183.84267509469464,
        "median_rank": 129.0,
        "standard_deviation": 2401.192138671875,
        "variance": 5765723.5,
        "z_arithmetic_mean_rank": 1841.768826257392,
        "z_geometric_mean_rank": 1069.6691881718968,
        "z_hits_at_k": 17437.40300432706,
        "z_inverse_harmonic_mean_rank": 19795.380542458664
      }
    },
    "head": {
      "optimistic": {
        "adjusted_arithmetic_mean_rank": 0.016389073362248704,
        "adjusted_arithmetic_mean_rank_index": 0.9836312152348698,
        "adjusted_geometric_mean_rank_index": 0.9971178229078427,
        "adjusted_hits_at_k": 0.16705685028900955,
        "adjusted_inverse_harmonic_mean_rank": 0.07478384084566078,
        "arithmetic_mean_rank": 794.5746102487802,
        "count": 587426.0,
        "geometric_mean_rank": 103.8125938997877,
        "harmonic_mean_rank": 13.351328801455127,
        "hits_at_1": 0.025541940601880066,
        "hits_at_10": 0.16714275500233222,
        "hits_at_3": 0.07545461045306132,
        "hits_at_5": 0.10763228049150021,
        "inverse_arithmetic_mean_rank": 0.0012585350539792623,
        "inverse_geometric_mean_rank": 0.009632742641661755,
        "inverse_harmonic_mean_rank": 0.07489891192635542,
        "inverse_median_rank": 0.01,
        "median_absolute_deviation": 140.8472107580322,
        "median_rank": 100.0,
        "standard_deviation": 2211.66108586847,
        "variance": 4891444.758744899,
        "z_arithmetic_mean_rank": 1305.7540856770122,
        "z_geometric_mean_rank": 764.5525224161863,
        "z_hits_at_k": 12607.171458259754,
        "z_inverse_harmonic_mean_rank": 13920.496228555392
      },
      "pessimistic": {
        "adjusted_arithmetic_mean_rank": 0.01638907757579526,
        "adjusted_arithmetic_mean_rank_index": 0.9836312110212363,
        "adjusted_geometric_mean_rank_index": 0.997117820361786,
        "adjusted_hits_at_k": 0.16705685028900955,
        "adjusted_inverse_harmonic_mean_rank": 0.07478379180922613,
        "arithmetic_mean_rank": 794.5748145298302,
        "count": 587426.0,
        "geometric_mean_rank": 103.81268472234818,
        "harmonic_mean_rank": 13.351337541509519,
        "hits_at_1": 0.025541940601880066,
        "hits_at_10": 0.16714275500233222,
        "hits_at_3": 0.07545461045306132,
        "hits_at_5": 0.10763228049150021,
        "inverse_arithmetic_mean_rank": 0.0012585347304164493,
        "inverse_geometric_mean_rank": 0.00963273421426819,
        "inverse_harmonic_mean_rank": 0.07489886289601953,
        "inverse_median_rank": 0.01,
        "median_absolute_deviation": 140.8472107580322,
        "median_rank": 100.0,
        "standard_deviation": 2211.661271765483,
        "variance": 4891445.581027314,
        "z_arithmetic_mean_rank": 1305.7540800834838,
        "z_geometric_mean_rank": 764.5525204639656,
        "z_hits_at_k": 12607.171458259754,
        "z_inverse_harmonic_mean_rank": 13920.48710076126
      },
      "realistic": {
        "adjusted_arithmetic_mean_rank": 0.016389070322806485,