{
  "losses": [
    12.814200323103872,
    1.2624960983938505,
    1.1596420598856074,
    1.1596475256165981,
    1.1596179207382489,
    1.1596469435768197,
    1.1596743631355122,
    1.159614652275117,
    1.1596273225576403,
    1.1596239266643364,
    1.1596705125351983,
    1.1596468317442463,
    1.1596506915654554,
    1.159626979442941,
    1.1596274844752585,
    1.1596002030546648,
    1.1596259095528791,
    1.1596623838421878,
    1.1596350374142839,
    1.1596039357379133,
    1.159660082047042,
    1.1596191389288748,
    1.1596496911892535,
    1.1596283523887574,
    1.1596165920851966,
    1.1596673620605613,
    1.1596537647663943,
    1.1595952787265784,
    1.1595810546323304,
    1.159639891916818,
    1.1596560344572406,
    1.1596238397151923,
    1.1596100613927773,
    1.1595919701460595,
    1.159621627512081,
    1.1596320334739552,
    1.1596296712559726,
    1.1596225507314695,
    1.159641257713194,
    1.1596215470175635,
    1.1596294585909637,
    1.1596008737708816,
    1.1596486294486448,
    1.159625889708474,
    1.1596513968015862,
    1.1596453368163782,
    1.1596144043888865,
    1.1596488899454234,
    1.159633962972217,
    1.159630912310522
  ],
  "metrics": {
    "both": {
      "optimistic": {
        "adjusted_arithmetic_mean_rank": 1.0005407315890533,
        "adjusted_arithmetic_mean_rank_index": -0.0005407427946553245,
        "adjusted_geometric_mean_rank_index": -0.24182105832180567,
        "adjusted_hits_at_k": -9.771456177928667e-05,
        "adjusted_inverse_harmonic_mean_rank": -9.340605471701315e-05,
        "arithmetic_mean_rank": 48282.56392124284,
        "count": 1174852.0,
        "geometric_mean_rank": 44083.41218867605,
        "harmonic_mean_rank": 31685.91290593278,
        "hits_at_1": 8.511710411183706e-07,
        "hits_at_10": 5.958197287828595e-06,
        "hits_at_3": 8.511710411183706e-07,
        "hits_at_5": 2.553513123355112e-06,
        "inverse_arithmetic_mean_rank": 2.071141047172167e-05,
        "inverse_geometric_mean_rank": 2.2684269441757858e-05,
        "inverse_harmonic_mean_rank": 3.155976610075081e-05,
        "inverse_median_rank": 2.0674826331458817e-05,
        "median_absolute_deviation": 15202.603148556442,
        "median_rank": 48368.0,
        "standard_deviation": 17358.94301062265,
        "variance": 301332902.4460449,
        "z_arithmetic_mean_rank": -1.0149548354177114,
        "z_geometric_mean_rank": -259.515817198828,
        "z_hits_at_k": -10.402009797466292,
        "z_inverse_harmonic_mean_rank": -24.526035877425663
      },
      "pessimistic": {
        "adjusted_arithmetic_mean_rank": 1.000540748292699,
        "adjusted_arithmetic_mean_rank_index": -0.0005407594986470698,
        "adjusted_geometric_mean_rank_index": -0.24182108787361556,
        "adjusted_hits_at_k": -9.771456177928667e-05,
        "adjusted_inverse_harmonic_mean_rank": -9.340605604767317e-05,
        "arithmetic_mean_rank": 48282.56472730182,
        "count": 1174852.0,
        "geometric_mean_rank": 44083.413237712106,
        "harmonic_mean_rank": 31685.914241744667,
        "hits_at_1": 8.511710411183706e-07,
        "hits_at_10": 5.958197287828595e-06,
        "hits_at_3": 8.511710411183706e-07,
        "hits_at_5": 2.553513123355112e-06,
        "inverse_arithmetic_mean_rank": 2.0711410125952587e-05,
        "inverse_geometric_mean_rank": 2.268426890194901e-05,
        "inverse_harmonic_mean_rank": 3.1559764770257065e-05,
        "inverse_median_rank": 2.0674826331458817e-05,
        "median_absolute_deviation": 15202.603148556442,
        "median_rank": 48368.0,
        "standard_deviation": 17358.94296831766,
        "variance": 301332900.9773052,
        "z_arithmetic_mean_rank": -1.0149861882111963,
        "z_geometric_mean_rank": -259.5158489130308,
        "z_hits_at_k": -10.402009797466292,
        "z_inverse_harmonic_mean_rank": -24.526036226822875
      },
      "realistic": {
        "adjusted_arithmetic_mean_rank": 1.0005407021371926,
        "adjusted_arithmetic_mean_rank_index": -0.0005407133421841959,
        "adjusted_geometric_mean_rank_index": -0.24182375208724105,
        "adjusted_hits_at_k": -9.771456177928667e-05,
        "adjusted_inverse_harmonic_mean_rank": -9.340605949859121e-05,
        "arithmetic_mean_rank": 48282.5625,
        "count": 1174852.0,
        "geometric_mean_rank": 44083.5078125,
        "harmonic_mean_rank": 31685.91770602404,
        "hits_at_1": 8.511710411183706e-07,
        "hits_at_10": 5.958197287828595e-06,
        "hits_at_3": 8.511710411183706e-07,
        "hits_at_5": 2.553513123355112e-06,
        "inverse_arithmetic_mean_rank": 2.07114117074525e-05,
        "inverse_geometric_mean_rank": 2.2684220311930403e-05,
        "inverse_harmonic_mean_rank": 3.155976131977023e-05,
        "inverse_median_rank": 2.067482637357898e-05,
        "median_absolute_deviation": 15202.603148556442,
        "median_rank": 48368.0,
        "standard_deviation": 17358.9453125,
        "variance": 301332992.0,
        "z_arithmetic_mean_rank": -1.0148995541853765,
        "z_geometric_mean_rank": -259.518708075012,
        "z_hits_at_k": -10.402009797466292,
        "z_inverse_harmonic_mean_rank": -24.526037132945504
      }
    },
    "head": {
      "optimistic": {
        "adjusted_arithmetic_mean_rank": 1.0005273714547545,
        "adjusted_arithmetic_mean_rank_index": -0.0005273823326601423,
        "adjusted_geometric_mean_rank_index": -0.26192829378252336,
        "adjusted_hits_at_k": -9.80370300978715e-05,
        "adjusted_inverse_harmonic_mean_rank": -9.454518346446763e-05,
        "arithmetic_mean_rank": 48507.54088685213,
        "count": 587426.0,
        "geometric_mean_rank": 45016.31899319386,
        "harmonic_mean_rank": 33513.547215298946,
        "hits_at_1": 1.7023420822367412e-06,
        "hits_at_10": 5.107026246710224e-06,
        "hits_at_3": 1.7023420822367412e-06,
        "hits_at_5": 3.4046841644734825e-06,
        "inverse_arithmetic_mean_rank": 2.0615351380779804e-05,
        "inverse_geometric_mean_rank": 2.2214166381555825e-05,
        "inverse_harmonic_mean_rank": 2.9838679671112212e-05,
        "inverse_median_rank": 2.0607509376416766e-05,
        "median_absolute_deviation": 13101.755804934004,
        "median_rank": 48526.0,
        "standard_deviation": 16061.446527386868,
        "variance": 257970064.5521077,
        "z_arithmetic_mean_rank": -0.7000912790476832,
        "z_geometric_mean_rank": -200.83832118905138,
        "z_hits_at_k": -7.398497251469794,
        "z_inverse_harmonic_mean_rank": -17.598933873447407
      },
      "pessimistic": {
        "adjusted_arithmetic_mean_rank": 1.0005273883089407,
        "adjusted_arithmetic_mean_rank_index": -0.000527399187194133,
        "adjusted_geometric_mean_rank_index": -0.26192832304044167,
        "adjusted_hits_at_k": -9.80370300978715e-05,
        "adjusted_inverse_harmonic_mean_rank": -9.454518458370784e-05,
        "arithmetic_mean_rank": 48507.541703976334,
        "count": 587426.0,
        "geometric_mean_rank": 45016.32003687799,
        "harmonic_mean_rank": 33513.54847222609,
        "hits_at_1": 1.7023420822367412e-06,
        "hits_at_10": 5.107026246710224e-06,
        "hits_at_3": 1.7023420822367412e-06,
        "hits_at_5": 3.4046841644734825e-06,
        "inverse_arithmetic_mean_rank": 2.061535103350798e-05,
        "inverse_geometric_mean_rank": 2.221416586652988e-05,
        "inverse_harmonic_mean_rank": 2.983867855201119e-05,
        "inverse_median_rank": 2.0607509376416766e-05,
        "median_absolute_deviation": 13101.755804934004,
        "median_rank": 48526.0,
        "standard_deviation": 16061.44645105443,
        "variance": 257970062.10008892,
        "z_arithmetic_mean_rank": -0.7001136531612246,
        "z_geometric_mean_rank": -200.83834362309665,
        "z_hits_at_k": -7.398497251469794,
        "z_inverse_harmonic_mean_rank": -17.598934081786254
      },