{
  "losses": [
    0.338076623925954,
    0.2488687661704622,
    0.2655067951577248,
    0.2839135217724581,
    0.29708411919251565,
    0.30571764521026845,
    0.30861951739954746,
    0.30778407306351624,
    0.30666056310940426,
    0.30281713979546215,
    0.29833543868208845,
    0.2944864607833611,
    0.2908032129371872,
    0.2868699498787305,
    0.2847684296987434,
    0.28132424775595444,
    0.27963075075628907,
    0.27771118851724547,
    0.2766397157049829,
    0.2757824977697718,
    0.27462414090616705,
    0.2738253729626324,
    0.27221243957077684,
    0.2734457947629739,
    0.27318904796492066,
    0.27369398653017374,
    0.2725109384186271,
    0.2740971009234931,
    0.27342009691858177,
    0.27373586005460937,
    0.2741441709676189,
    0.27509548491389957,
    0.27577999783475904,
    0.2754836488267165,
    0.27626291503848716,
    0.276074595852261,
    0.2766989145178548,
    0.27645724359554785,
    0.2763808937636771,
    0.27727845131860657,
    0.2782788556641383,
    0.2781111504876486,
    0.27811881311311676,
    0.27902687702525614,
    0.2791542039150442,
    0.27932511253876785,
    0.2793109175025798,
    0.280110574114034,
    0.2814717510551164,
    0.28186460633834526
  ],
  "metrics": {
    "both": {
      "optimistic": {
        "adjusted_arithmetic_mean_rank": 0.044408519716056936,
        "adjusted_arithmetic_mean_rank_index": 0.9556112830436683,
        "adjusted_geometric_mean_rank_index": 0.9894653655562087,
        "adjusted_hits_at_k": 0.07487950073315103,
        "adjusted_inverse_harmonic_mean_rank": 0.02965802305693177,
        "arithmetic_mean_rank": 2142.9984049054688,
        "count": 1174852.0,
        "geometric_mean_rank": 374.9605595495392,
        "harmonic_mean_rank": 33.580405292040375,
        "hits_at_1": 0.0007328582664029172,
        "hits_at_10": 0.07497540115691168,
        "hits_at_3": 0.03450051580965092,
        "hits_at_5": 0.04947687027812865,
        "inverse_arithmetic_mean_rank": 0.00046663590495958006,
        "inverse_geometric_mean_rank": 0.002666947161593089,
        "inverse_harmonic_mean_rank": 0.029779271313233133,
        "inverse_median_rank": 0.0020876826722338203,
        "median_absolute_deviation": 671.6188049830376,
        "median_rank": 479.0,
        "standard_deviation": 5789.96553905275,
        "variance": 33523700.9434184,
        "z_arithmetic_mean_rank": 1793.6481116182638,
        "z_geometric_mean_rank": 1061.9182636346043,
        "z_hits_at_k": 7971.148681144987,
        "z_inverse_harmonic_mean_rank": 7787.436689747449
      },
      "pessimistic": {
        "adjusted_arithmetic_mean_rank": 0.044408555945505836,
        "adjusted_arithmetic_mean_rank_index": 0.9556112468134687,
        "adjusted_geometric_mean_rank_index": 0.9894653532056579,
        "adjusted_hits_at_k": 0.07487950073315103,
        "adjusted_inverse_harmonic_mean_rank": 0.0296580069085327,
        "arithmetic_mean_rank": 2143.000153210787,
        "count": 1174852.0,
        "geometric_mean_rank": 374.96099797185855,
        "harmonic_mean_rank": 33.58042349941405,
        "hits_at_1": 0.0007328582664029172,
        "hits_at_10": 0.07497540115691168,
        "hits_at_3": 0.03450051580965092,
        "hits_at_5": 0.04947687027812865,
        "inverse_arithmetic_mean_rank": 0.0004666355242680373,
        "inverse_geometric_mean_rank": 0.0026669440432710062,
        "inverse_harmonic_mean_rank": 0.029779255166851874,
        "inverse_median_rank": 0.0020876826722338203,
        "median_absolute_deviation": 671.6188049830376,
        "median_rank": 479.0,
        "standard_deviation": 5789.9680117343205,
        "variance": 33523729.57690668,
        "z_arithmetic_mean_rank": 1793.6480436154782,
        "z_geometric_mean_rank": 1061.9182503796933,
        "z_hits_at_k": 7971.148681144987,
        "z_inverse_harmonic_mean_rank": 7787.4324495917535
      },
      "realistic": {
        "adjusted_arithmetic_mean_rank": 0.04440854265211667,
        "adjusted_arithmetic_mean_rank_index": 0.9556112601071333,
        "adjusted_geometric_mean_rank_index": 0.9894653669448884,
        "adjusted_hits_at_k": 0.07487950073315103,
        "adjusted_inverse_harmonic_mean_rank": 0.029658014630652055,
        "arithmetic_mean_rank": 2142.99951171875,
        "count": 1174852.0,
        "geometric_mean_rank": 374.96051025390625,
        "harmonic_mean_rank": 33.580414792696324,
        "hits_at_1": 0.0007328582664029172,
        "hits_at_10": 0.07497540115691168,
        "hits_at_3": 0.03450051580965092,
        "hits_at_5": 0.04947687027812865,
        "inverse_arithmetic_mean_rank": 0.00046663565444760025,
        "inverse_geometric_mean_rank": 0.0026669474318623543,
        "inverse_harmonic_mean_rank": 0.02977926288800632,
        "inverse_median_rank": 0.002087682718411088,
        "median_absolute_deviation": 671.6188049830376,
        "median_rank": 479.0,
        "standard_deviation": 5789.966796875,
        "variance": 33523718.0,
        "z_arithmetic_mean_rank": 1793.64806856721,
        "z_geometric_mean_rank": 1061.9182651249691,
        "z_hits_at_k": 7971.148681144987,
        "z_inverse_harmonic_mean_rank": 7787.434477222371
      }
    },
    "head": {
      "optimistic": {
        "adjusted_arithmetic_mean_rank": 0.038934297410107795,
        "adjusted_arithmetic_mean_rank_index": 0.9610855261545926,
        "adjusted_geometric_mean_rank_index": 0.9903584715577065,
        "adjusted_hits_at_k": 0.07377250213622505,
        "adjusted_inverse_harmonic_mean_rank": 0.02948697033901599,
        "arithmetic_mean_rank": 1887.6115510719649,
        "count": 587426.0,
        "geometric_mean_rank": 344.9311730733495,
        "harmonic_mean_rank": 33.77502613993782,
        "hits_at_1": 0.0007217930428683783,
        "hits_at_10": 0.07386802763241668,
        "hits_at_3": 0.03387150041026444,
        "hits_at_5": 0.04862059221076357,
        "inverse_arithmetic_mean_rank": 0.0005297700151453858,
        "inverse_geometric_mean_rank": 0.002899129096074336,
        "inverse_harmonic_mean_rank": 0.029607675086816113,
        "inverse_median_rank": 0.00228310502283105,
        "median_absolute_deviation": 607.8669095872968,
        "median_rank": 438.0,
        "standard_deviation": 5383.097417202742,
        "variance": 28977737.803094834,
        "z_arithmetic_mean_rank": 1275.8250582376522,
        "z_geometric_mean_rank": 759.3697054953403,
        "z_hits_at_k": 5567.341786506859,
        "z_inverse_harmonic_mean_rank": 5488.7961724636925
      },
      "pessimistic": {
        "adjusted_arithmetic_mean_rank": 0.03893432995975494,
        "adjusted_arithmetic_mean_rank_index": 0.9610854936042741,
        "adjusted_geometric_mean_rank_index": 0.9903584602434788,
        "adjusted_hits_at_k": 0.07377250213622505,
        "adjusted_inverse_harmonic_mean_rank": 0.029486951495975244,
        "arithmetic_mean_rank": 1887.613129143075,
        "count": 587426.0,
        "geometric_mean_rank": 344.93157667279957,
        "harmonic_mean_rank": 33.77504763252187,
        "hits_at_1": 0.0007217930428683783,
        "hits_at_10": 0.07386802763241668,
        "hits_at_3": 0.03387150041026444,
        "hits_at_5": 0.04862059221076357,
        "inverse_arithmetic_mean_rank": 0.0005297695722502061,
        "inverse_geometric_mean_rank": 0.0028991257038453026,
        "inverse_harmonic_mean_rank": 0.029607656246118916,
        "inverse_median_rank": 0.00228310502283105,
        "median_absolute_deviation": 607.8669095872968,
        "median_rank": 438.0,
        "standard_deviation": 5383.099947350861,
        "variance": 28977765.043168847,
        "z_arithmetic_mean_rank": 1275.8250150276456,
        "z_geometric_mean_rank": 759.3696968200153,
        "z_hits_at_k": 5567.341786506859,
        "z_inverse_harmonic_mean_rank": 5488.792664961608
      },
      "realistic": {
        "adjusted_arithmetic_mean_rank": 0.03893432050789871,