{
  "losses": [
    1.0006249488302663,
    0.942160367040362,
    0.36727404833953614,
    0.2870704903070386,
    0.28007311118507533,
    0.27869976289356857,
    0.2782194976509104,
    0.2777880545214885,
    0.2785342798612647,
    0.2793779419736089,
    0.27966305318871204,
    0.27993142988355424,
    0.2798055714682785,
    0.279859949232466,
    0.27966796096301905,
    0.27930116353844464,
    0.27934381468537095,
    0.2791989935262295,
    0.27914583035927865,
    0.279435696643037,
    0.2792075347560776,
    0.27948620254609147,
    0.2793992729744941,
    0.2795073403513682,
    0.2794787711353782,
    0.2793563371624662,
    0.2794524765055883,
    0.2793701876846517,
    0.2793820523815693,
    0.2789724497699844,
    0.278900815539045,
    0.2787917850494242,
    0.2789823787364192,
    0.27945027891142665,
    0.2793224501369864,
    0.27923962054221196,
    0.2794182729639575,
    0.27948395826709027,
    0.27943579663292933,
    0.27923622530638387,
    0.2793504751740633,
    0.279405143255209,
    0.27898658618537125,
    0.27890569007673327,
    0.2788688147864462,
    0.2785350364511251,
    0.27852942745128945,
    0.27861537676138587,
    0.2786515266440224,
    0.2787602396767336
  ],
  "metrics": {
    "both": {
      "optimistic": {
        "adjusted_arithmetic_mean_rank": 0.03972547053076684,
        "adjusted_arithmetic_mean_rank_index": 0.9602944292759703,
        "adjusted_geometric_mean_rank_index": 0.9885828700010872,
        "adjusted_hits_at_k": 0.07600741928563613,
        "adjusted_inverse_harmonic_mean_rank": 0.03778501394091256,
        "arithmetic_mean_rank": 1917.0109818087726,
        "count": 1174852.0,
        "geometric_mean_rank": 406.287563192051,
        "harmonic_mean_rank": 26.381572134868073,
        "hits_at_1": 0.015865828206446428,
        "hits_at_10": 0.07610320278639351,
        "hits_at_3": 0.03577897471341071,
        "hits_at_5": 0.04989394408827665,
        "inverse_arithmetic_mean_rank": 0.0005216454206519266,
        "inverse_geometric_mean_rank": 0.002461310880754927,
        "inverse_harmonic_mean_rank": 0.03790524669598129,
        "inverse_median_rank": 0.0016260162601626016,
        "median_absolute_deviation": 862.8744911702603,
        "median_rank": 615.0,
        "standard_deviation": 4411.942697483484,
        "variance": 19465238.36587784,
        "z_arithmetic_mean_rank": 1802.438209166345,
        "z_geometric_mean_rank": 1060.9711479697391,
        "z_hits_at_k": 8091.219012731748,
        "z_inverse_harmonic_mean_rank": 9921.376192918855
      },
      "pessimistic": {
        "adjusted_arithmetic_mean_rank": 0.03972549511881541,
        "adjusted_arithmetic_mean_rank_index": 0.9602944046874122,
        "adjusted_geometric_mean_rank_index": 0.9885828338708981,
        "adjusted_hits_at_k": 0.07600741928563613,
        "adjusted_inverse_harmonic_mean_rank": 0.037784464807242006,
        "arithmetic_mean_rank": 1917.0121683412037,
        "count": 1174852.0,
        "geometric_mean_rank": 406.2888457487298,
        "harmonic_mean_rank": 26.381954282734558,
        "hits_at_1": 0.01586497703540531,
        "hits_at_10": 0.07610320278639351,
        "hits_at_3": 0.03577812354236959,
        "hits_at_5": 0.04989394408827665,
        "inverse_arithmetic_mean_rank": 0.0005216450977801059,
        "inverse_geometric_mean_rank": 0.002461303110985361,
        "inverse_harmonic_mean_rank": 0.03790469763092726,
        "inverse_median_rank": 0.0016260162601626016,
        "median_absolute_deviation": 862.8744911702603,
        "median_rank": 615.0,
        "standard_deviation": 4411.943095244383,
        "variance": 19465241.875674583,
        "z_arithmetic_mean_rank": 1802.438163014503,
        "z_geometric_mean_rank": 1060.9711091939425,
        "z_hits_at_k": 8091.219012731748,
        "z_inverse_harmonic_mean_rank": 9921.232004491814
      },
      "realistic": {
        "adjusted_arithmetic_mean_rank": 0.03972547315403507,
        "adjusted_arithmetic_mean_rank_index": 0.9602944266526477,
        "adjusted_geometric_mean_rank_index": 0.988582856994504,
        "adjusted_hits_at_k": 0.07600741928563613,
        "adjusted_inverse_harmonic_mean_rank": 0.03778464465888505,
        "arithmetic_mean_rank": 1917.0111083984375,
        "count": 1174852.0,
        "geometric_mean_rank": 406.28802490234375,
        "harmonic_mean_rank": 26.381829120875313,
        "hits_at_1": 0.01586497703540531,
        "hits_at_10": 0.07610320278639351,
        "hits_at_3": 0.03577812354236959,
        "hits_at_5": 0.04989394408827665,
        "inverse_arithmetic_mean_rank": 0.0005216453573666513,
        "inverse_geometric_mean_rank": 0.0024613081477582455,
        "inverse_harmonic_mean_rank": 0.0379048774600971,
        "inverse_median_rank": 0.00162601622287184,
        "median_absolute_deviation": 862.8744911702603,
        "median_rank": 615.0,
        "standard_deviation": 4411.94287109375,
        "variance": 19465240.0,
        "z_arithmetic_mean_rank": 1802.4382042424625,
        "z_geometric_mean_rank": 1060.971134010758,
        "z_hits_at_k": 8091.219012731748,
        "z_inverse_harmonic_mean_rank": 9921.2792289235
      }
    },
    "head": {
      "optimistic": {
        "adjusted_arithmetic_mean_rank": 0.03904166040223485,
        "adjusted_arithmetic_mean_rank_index": 0.9609781609479269,
        "adjusted_geometric_mean_rank_index": 0.9899651227852009,
        "adjusted_hits_at_k": 0.0980521066224066,
        "adjusted_inverse_harmonic_mean_rank": 0.047448086025224954,
        "arithmetic_mean_rank": 1892.8167207444,
        "count": 587426.0,
        "geometric_mean_rank": 358.9626521655432,
        "harmonic_mean_rank": 21.023173946883986,
        "hits_at_1": 0.02063579072087378,
        "hits_at_10": 0.09814512806719485,
        "hits_at_3": 0.046337751478484096,
        "hits_at_5": 0.06456813283715736,
        "inverse_arithmetic_mean_rank": 0.0005283131689616117,
        "inverse_geometric_mean_rank": 0.0027858051359026313,
        "inverse_harmonic_mean_rank": 0.04756655691127067,
        "inverse_median_rank": 0.001610305958132045,
        "median_absolute_deviation": 889.5613311033611,
        "median_rank": 621.0,
        "standard_deviation": 4527.125550918339,
        "variance": 20494865.75377768,
        "z_arithmetic_mean_rank": 1275.682532710715,
        "z_geometric_mean_rank": 759.0681004198925,
        "z_hits_at_k": 7399.6350218125235,
        "z_inverse_harmonic_mean_rank": 8832.133989072057
      },
      "pessimistic": {
        "adjusted_arithmetic_mean_rank": 0.039041685718627074,
        "adjusted_arithmetic_mean_rank_index": 0.9609781356310124,
        "adjusted_geometric_mean_rank_index": 0.9899650852625878,
        "adjusted_hits_at_k": 0.0980521066224066,
        "adjusted_inverse_harmonic_mean_rank": 0.047447056703717704,
        "arithmetic_mean_rank": 1892.8179481330415,
        "count": 587426.0,
        "geometric_mean_rank": 358.96399066663207,
        "harmonic_mean_rank": 21.023628833327365,
        "hits_at_1": 0.02063408837879154,
        "hits_at_10": 0.09814512806719485,
        "hits_at_3": 0.04633604913640186,
        "hits_at_5": 0.06456813283715736,
        "inverse_arithmetic_mean_rank": 0.0005283128263794931,
        "inverse_geometric_mean_rank": 0.002785794748222238,
        "inverse_harmonic_mean_rank": 0.0475655277177823,
        "inverse_median_rank": 0.001610305958132045,
        "median_absolute_deviation": 889.5613311033611,
        "median_rank": 621.0,
        "standard_deviation": 4527.126003441539,
        "variance": 20494869.85103656,
        "z_arithmetic_mean_rank": 1275.6824991029318,
        "z_geometric_mean_rank": 759.0680716489611,
        "z_hits_at_k": 7399.6350218125235,
        "z_inverse_harmonic_mean_rank": 8831.942387972173
      },
      "realistic": {
        "adjusted_arithmetic_mean_rank": 0.039041661468951695,
        "adjusted_arithmetic_mean_rank_index": 0.960978159881188,