{
  "losses": [
    0.26160027993650586,
    0.04651681757948563,
    0.038687743828061213,
    0.03567901579937106,
    0.034412971250425736,
    0.03377914360457239,
    0.03334253476743418,
    0.03297664724810974,
    0.03282113895181419,
    0.03271197698245752,
    0.03253322647762632,
    0.032195914751446855,
    0.03228887311925722,
    0.03216950950385364,
    0.03233679691030792,
    0.0321484004410747,
    0.032047001913095834,
    0.03207736669832408,
    0.03213248893650342,
    0.03213868184104543,
    0.03194237448150696,
    0.031976664170526636,
    0.03206835831343512,
    0.03205205238086778,
    0.03220837562944002,
    0.03207328543617412,
    0.03210553592869445,
    0.03213209148807574,
    0.032040484965243574,
    0.031995403480363775,
    0.03200529405040896,
    0.032014031425520846,
    0.0320726320588013,
    0.03201216280025896,
    0.032013044068830016,
    0.03197584000313826,
    0.03198585221841193,
    0.031890649493994346,
    0.03193089456996228,
    0.031890202742783744,
    0.03195520727568492,
    0.03210244374565321,
    0.031849545021654546,
    0.03192496452817308,
    0.03183765638427289,
    0.031782447725923244,
    0.031975114003176104,
    0.031746080751432766,
    0.03189616365393644,
    0.03186056315753804
  ],
  "metrics": {
    "both": {
      "optimistic": {
        "adjusted_arithmetic_mean_rank": 0.023566138388555275,
        "adjusted_arithmetic_mean_rank_index": 0.9764540962886556,
        "adjusted_geometric_mean_rank_index": 0.9951462791991356,
        "adjusted_hits_at_k": 0.13279407492165768,
        "adjusted_inverse_harmonic_mean_rank": 0.05554795775285194,
        "arithmetic_mean_rank": 1137.2186530728977,
        "count": 1174852.0,
        "geometric_mean_rank": 173.2983513273691,
        "harmonic_mean_rank": 17.96429637092666,
        "hits_at_1": 0.008788340999547176,
        "hits_at_10": 0.13288397176835892,
        "hits_at_3": 0.06619727420985792,
        "hits_at_5": 0.09101061240054066,
        "inverse_arithmetic_mean_rank": 0.0008793383728783231,
        "inverse_geometric_mean_rank": 0.005770395346179323,
        "inverse_harmonic_mean_rank": 0.055665970954386815,
        "inverse_median_rank": 0.004901960784313725,
        "median_absolute_deviation": 292.0726370456036,
        "median_rank": 204.0,
        "standard_deviation": 2528.5819994397557,
        "variance": 6393726.927890752,
        "z_arithmetic_mean_rank": 1832.7693246899762,
        "z_geometric_mean_rank": 1067.9640626461069,
        "z_hits_at_k": 14136.329767313828,
        "z_inverse_harmonic_mean_rank": 14585.469955793205
      },
      "pessimistic": {
        "adjusted_arithmetic_mean_rank": 0.02356615860225948,
        "adjusted_arithmetic_mean_rank_index": 0.9764540760745326,
        "adjusted_geometric_mean_rank_index": 0.9951462716082317,
        "adjusted_hits_at_k": 0.13279407492165768,
        "adjusted_inverse_harmonic_mean_rank": 0.05554785333077027,
        "arithmetic_mean_rank": 1137.2196285149107,
        "count": 1174852.0,
        "geometric_mean_rank": 173.29862079079518,
        "harmonic_mean_rank": 17.964330065449744,
        "hits_at_1": 0.008788340999547176,
        "hits_at_10": 0.13288397176835892,
        "hits_at_3": 0.0661964230388168,
        "hits_at_5": 0.09101061240054066,
        "inverse_arithmetic_mean_rank": 0.0008793376186321149,
        "inverse_geometric_mean_rank": 0.005770386373744963,
        "inverse_harmonic_mean_rank": 0.05566586654535311,
        "inverse_median_rank": 0.004901960784313725,
        "median_absolute_deviation": 292.0726370456036,
        "median_rank": 204.0,
        "standard_deviation": 2528.5835750950732,
        "variance": 6393734.896240581,
        "z_arithmetic_mean_rank": 1832.769286748792,
        "z_geometric_mean_rank": 1067.9640544997542,
        "z_hits_at_k": 14136.329767313828,
        "z_inverse_harmonic_mean_rank": 14585.442537231
      },
      "realistic": {
        "adjusted_arithmetic_mean_rank": 0.023566153045215057,
        "adjusted_arithmetic_mean_rank_index": 0.9764540816316921,
        "adjusted_geometric_mean_rank_index": 0.9951462752241659,
        "adjusted_hits_at_k": 0.13279407492165768,
        "adjusted_inverse_harmonic_mean_rank": 0.05554791122930427,
        "arithmetic_mean_rank": 1137.2193603515625,
        "count": 1174852.0,
        "geometric_mean_rank": 173.29849243164062,
        "harmonic_mean_rank": 17.96431138295377,
        "hits_at_1": 0.008788340999547176,
        "hits_at_10": 0.13288397176835892,
        "hits_at_3": 0.0661964230388168,
        "hits_at_5": 0.09101061240054066,
        "inverse_arithmetic_mean_rank": 0.000879337836522609,
        "inverse_geometric_mean_rank": 0.0057703908532857895,
        "inverse_harmonic_mean_rank": 0.05566592443665245,
        "inverse_median_rank": 0.0049019609577953815,
        "median_absolute_deviation": 292.0726370456036,
        "median_rank": 204.0,
        "standard_deviation": 2528.5830078125,
        "variance": 6393732.0,
        "z_arithmetic_mean_rank": 1832.7692971793813,
        "z_geometric_mean_rank": 1067.9640583802768,
        "z_hits_at_k": 14136.329767313828,
        "z_inverse_harmonic_mean_rank": 14585.45773990203
      }
    },
    "head": {
      "optimistic": {
        "adjusted_arithmetic_mean_rank": 0.020320269672316767,
        "adjusted_arithmetic_mean_rank_index": 0.9796999378373962,
        "adjusted_geometric_mean_rank_index": 0.9960972834225242,
        "adjusted_hits_at_k": 0.1382127959306274,
        "adjusted_inverse_harmonic_mean_rank": 0.05736812855112617,
        "arithmetic_mean_rank": 985.166763132718,
        "count": 587426.0,
        "geometric_mean_rank": 140.2171271067251,
        "harmonic_mean_rank": 17.395731739865372,
        "hits_at_1": 0.008052078048979786,
        "hits_at_10": 0.13830167544507735,
        "hits_at_3": 0.06636921076016383,
        "hits_at_5": 0.09266018187822807,
        "inverse_arithmetic_mean_rank": 0.001015056574604805,
        "inverse_geometric_mean_rank": 0.007131796383467894,
        "inverse_harmonic_mean_rank": 0.05748536566060768,
        "inverse_median_rank": 0.007194244604316547,
        "median_absolute_deviation": 197.18609506124506,
        "median_rank": 139.0,
        "standard_deviation": 2361.030853812286,
        "variance": 5574466.692653572,
        "z_arithmetic_mean_rank": 1300.535380288067,
        "z_geometric_mean_rank": 763.7758535153058,
        "z_hits_at_k": 10430.41583154714,
        "z_inverse_harmonic_mean_rank": 10678.681491946532
      },
      "pessimistic": {
        "adjusted_arithmetic_mean_rank": 0.020320288247034506,
        "adjusted_arithmetic_mean_rank_index": 0.9796999192622953,
        "adjusted_geometric_mean_rank_index": 0.9960972760454213,
        "adjusted_hits_at_k": 0.1382127959306274,
        "adjusted_inverse_harmonic_mean_rank": 0.05736793028935318,
        "arithmetic_mean_rank": 985.1676636716795,
        "count": 587426.0,
        "geometric_mean_rank": 140.21739026164857,
        "harmonic_mean_rank": 17.39579172889948,
        "hits_at_1": 0.008052078048979786,
        "hits_at_10": 0.13830167544507735,
        "hits_at_3": 0.0663675084180816,
        "hits_at_5": 0.09266018187822807,
        "inverse_arithmetic_mean_rank": 0.001015055646744475,
        "inverse_geometric_mean_rank": 0.007131782998770546,
        "inverse_harmonic_mean_rank": 0.057485167423492925,
        "inverse_median_rank": 0.007194244604316547,
        "median_absolute_deviation": 197.18609506124506,
        "median_rank": 139.0,
        "standard_deviation": 2361.032454246219,
        "variance": 5574474.250003925,
        "z_arithmetic_mean_rank": 1300.5353556299294,
        "z_geometric_mean_rank": 763.7758478587768,
        "z_hits_at_k": 10430.41583154714,
        "z_inverse_harmonic_mean_rank": 10678.644586884797
      },
      "realistic": {
        "adjusted_arithmetic_mean_rank": 0.020320274396851856,